"","Year","School","x.Sample Mean","x.Sample SD"
"1",2014,"Kennedy",62.58000,19.36765
"2",2016,"Kennedy",71.96000,17.19748
"3",2014,"Lincoln",51.32000,30.30285
"4",2016,"Lincoln",63.62000,20.20799
