"","medicalexpn","income","education"
"medicalexpn",1,0.748268346796898,0.689533588354258
"income",0.748268346796898,1,0.68441148650848
"education",0.689533588354258,0.68441148650848,1
